DIRECTED	hyperlink
NO_FEATURES
223	webpage:http://www_cs_wisc_edu/~cs302/cs302_html	|	webpage:http://www_cs_wisc_edu/~burnett/cs302_html
516	webpage:http://www_cs_wisc_edu/~wwt	|	webpage:http://www_cs_wisc_edu/~schnarr/schnarr_html
457	webpage:http://www_cs_wisc_edu/~seitz/interp/vmorph_html	|	webpage:http://www_cs_wisc_edu/~seitz/interp/interp_html
303	webpage:http://www_cs_wisc_edu/~eliassi/eliassi_html	|	webpage:http://www_cs_wisc_edu/~shavlik/shavlik_html
66	webpage:http://www_cs_wisc_edu	|	webpage:http://www_cs_wisc_edu/~milo/milo_html
156	webpage:http://www_cs_wisc_edu/~allex/allex_html	|	webpage:http://www_cs_wisc_edu/~shavlik/shavlik_html
52	webpage:http://www_cs_wisc_edu	|	webpage:http://www_cs_wisc_edu/~horwitz/horwitz_html
524	webpage:http://www_cs_wisc_edu/~zj/zj_html	|	webpage:http://www_cs_wisc_edu/~weaver/cs302_html
423	webpage:http://www_cs_wisc_edu/~paulb/paulb_html	|	webpage:http://www_cs_wisc_edu/~olvi/uwmp/pat_sep_html
471	webpage:http://www_cs_wisc_edu/~shavlik/uwml_html	|	webpage:http://www_cs_wisc_edu/~olvi/uwmp/cancer_html
347	webpage:http://www_cs_wisc_edu/~jyothi/jyothi_html	|	webpage:http://www_cs_wisc_edu/~cs132-2/cs132_html
450	webpage:http://www_cs_wisc_edu/~sally/sally_html	|	webpage:http://www_cs_wisc_edu/~cs132-3/cs132_html
180	webpage:http://www_cs_wisc_edu/~bestor/bestor_html	|	webpage:http://www_cs_wisc_edu/~bestor/cs302/cs302_html
152	webpage:http://www_cs_wisc_edu/~agupta/agupta_html	|	webpage:http://www_cs_wisc_edu/~cs132-2/cs132_html
1	webpage:http://robios8_me_wisc_edu	|	webpage:http://www_cs_wisc_edu/~shavlik/uwml_html
307	webpage:http://www_cs_wisc_edu/~ferris/cs719_html	|	webpage:http://www_cs_wisc_edu/~ferris/cs525-all_html
283	webpage:http://www_cs_wisc_edu/~devise	|	webpage:http://www_cs_wisc_edu/~guangshu/guangshu_html
98	webpage:http://www_cs_wisc_edu	|	webpage:http://www_cs_wisc_edu/~shavlik/shavlik_html
318	webpage:http://www_cs_wisc_edu/~geery/geery_html	|	webpage:http://www_cs_wisc_edu/~cs132-1/cs132_html
363	webpage:http://www_cs_wisc_edu/~leavy/leavy_html	|	webpage:http://www_cs_wisc_edu/~sally/cs132_html
27	webpage:http://www_cs_wisc_edu	|	webpage:http://www_cs_wisc_edu/~caol/caol_html
475	webpage:http://www_cs_wisc_edu/~so/travis_html	|	webpage:http://www_cs_wisc_edu/~so/so_html
289	webpage:http://www_cs_wisc_edu/~dsilva/cs110_html	|	webpage:http://www_cs_wisc_edu/~cs110/cs110_html
269	webpage:http://www_cs_wisc_edu/~david/david_html	|	webpage:http://www_cs_wisc_edu/~falsafi/falsafi_html
507	webpage:http://www_cs_wisc_edu/~weaver/cs302_html	|	webpage:http://www_cs_wisc_edu/~weaver/weaver_html
183	webpage:http://www_cs_wisc_edu/~bestor/cs110/cs110_html	|	webpage:http://www_cs_wisc_edu/~bestor/bestor_html
204	webpage:http://www_cs_wisc_edu/~cs132-1/cs132_html	|	webpage:http://www_cs_wisc_edu/~ashraf/ashraf_html
438	webpage:http://www_cs_wisc_edu/~raghu/raghu_html	|	webpage:http://www_cs_wisc_edu/~johannes/johannes_html
76	webpage:http://www_cs_wisc_edu	|	webpage:http://www_cs_wisc_edu/~olvi/uwmp/pat_sep_html
285	webpage:http://www_cs_wisc_edu/~devise	|	webpage:http://www_cs_wisc_edu/~wenger/wenger_html
250	webpage:http://www_cs_wisc_edu/~cs577-1/cs577_html	|	webpage:http://www_cs_wisc_edu/~bsri/bsri_html
367	webpage:http://www_cs_wisc_edu/~lloyd/lloyd_html	|	webpage:http://www_cs_wisc_edu/~cs132-4/cs132_html
339	webpage:http://www_cs_wisc_edu/~joev/joev_html	|	webpage:http://www_cs_wisc_edu/~sally/cs132_html
88	webpage:http://www_cs_wisc_edu	|	webpage:http://www_cs_wisc_edu/~reps/reps_html
87	webpage:http://www_cs_wisc_edu	|	webpage:http://www_cs_wisc_edu/~rcarl/rcarl_html
265	webpage:http://www_cs_wisc_edu/~cs838-1/cs838_html	|	webpage:http://www_cs_wisc_edu/~milo/milo_html
317	webpage:http://www_cs_wisc_edu/~galileo	|	webpage:http://www_cs_wisc_edu/~goodman/goodman_html
406	webpage:http://www_cs_wisc_edu/~naughton/naughton_html	|	webpage:http://www_cs_wisc_edu/~cs564-2/cs564_html
7	webpage:http://www_cs_wisc_edu	|	webpage:http://www_cs_wisc_edu/scout
462	webpage:http://www_cs_wisc_edu/~seitz/seitz_html	|	webpage:http://www_cs_wisc_edu/~seitz/animation_html
470	webpage:http://www_cs_wisc_edu/~shavlik/uwml_html	|	webpage:http://www_cs_wisc_edu/~bestor/bestor_html
134	webpage:http://www_cs_wisc_edu/cpnet	|	webpage:http://www_cs_wisc_edu/~ferris/ferris_html
508	webpage:http://www_cs_wisc_edu/~weaver/weaver_html	|	webpage:http://www_cs_wisc_edu/~weaver/cs302_html
80	webpage:http://www_cs_wisc_edu	|	webpage:http://www_cs_wisc_edu/~poosala/poosala_html
105	webpage:http://www_cs_wisc_edu	|	webpage:http://www_cs_wisc_edu/~sohi/sohi_html
122	webpage:http://www_cs_wisc_edu	|	webpage:http://www_cs_wisc_edu/~wwt
385	webpage:http://www_cs_wisc_edu/~milo/cs302_html	|	webpage:http://www_cs_wisc_edu/~milo/cs302_html
332	webpage:http://www_cs_wisc_edu/~iss/userid_html	|	webpage:http://www_cs_wisc_edu/~cs132-4/cs132_html
36	webpage:http://www_cs_wisc_edu	|	webpage:http://www_cs_wisc_edu/~deboor/cs412_html
231	webpage:http://www_cs_wisc_edu/~cs302/cs302_html	|	webpage:http://www_cs_wisc_edu/~mbirk/cs110
130	webpage:http://www_cs_wisc_edu/condor/next_html	|	webpage:http://www_cs_wisc_edu/~raghu/raghu_html
215	webpage:http://www_cs_wisc_edu/~cs302	|	webpage:http://www_cs_wisc_edu/~milo/cs302_html
311	webpage:http://www_cs_wisc_edu/~ferris/ferris_html	|	webpage:http://www_cs_wisc_edu/~ferris/cs733_html
358	webpage:http://www_cs_wisc_edu/~larus/larus_html	|	webpage:http://www_cs_wisc_edu/~schnarr/schnarr_html
481	webpage:http://www_cs_wisc_edu/~solomon/solomon_html	|	webpage:http://www_cs_wisc_edu/~solomon/cs736_html
323	webpage:http://www_cs_wisc_edu/~greg/greg_html	|	webpage:http://www_cs_wisc_edu/~greg/greg_html
284	webpage:http://www_cs_wisc_edu/~devise	|	webpage:http://www_cs_wisc_edu/~jussi/jussi_html
197	webpage:http://www_cs_wisc_edu/~carey/carey_html	|	webpage:http://www_cs_wisc_edu/~solomon/solomon_html
291	webpage:http://www_cs_wisc_edu/~dyer/cs540_html	|	webpage:http://www_cs_wisc_edu/~msteele/msteele_html
203	webpage:http://www_cs_wisc_edu/~cs110/cs110_html	|	webpage:http://www_cs_wisc_edu/~tick/cs110_html
95	webpage:http://www_cs_wisc_edu	|	webpage:http://www_cs_wisc_edu/~seitz/seitz_html
209	webpage:http://www_cs_wisc_edu/~cs132-1/cs132_html	|	webpage:http://www_cs_wisc_edu/~ratliff/132_html
491	webpage:http://www_cs_wisc_edu/~suhui/suhui_html	|	webpage:http://www_cs_wisc_edu/~suhui/cs132_html
393	webpage:http://www_cs_wisc_edu/~mscalar	|	webpage:http://www_cs_wisc_edu/~breach/breach_html
341	webpage:http://www_cs_wisc_edu/~jonb/cs132/index_html	|	webpage:http://www_cs_wisc_edu/~jonb/jonb_html
401	webpage:http://www_cs_wisc_edu/~msteele/msteele_html	|	webpage:http://www_cs_wisc_edu/~msteele/cs302_html
26	webpage:http://www_cs_wisc_edu	|	webpage:http://www_cs_wisc_edu/~cao/cao_html
306	webpage:http://www_cs_wisc_edu/~ferris/cs525-all_html	|	webpage:http://www_cs_wisc_edu/~ferris/ferris_html
104	webpage:http://www_cs_wisc_edu	|	webpage:http://www_cs_wisc_edu/~sodani/sodani_html
43	webpage:http://www_cs_wisc_edu	|	webpage:http://www_cs_wisc_edu/~finton/finton_html
419	webpage:http://www_cs_wisc_edu/~paradyn	|	webpage:http://www_cs_wisc_edu/~wwt
190	webpage:http://www_cs_wisc_edu/~breach/breach_html	|	webpage:http://www_cs_wisc_edu/~falsafi/falsafi_html
175	webpage:http://www_cs_wisc_edu/~bart/cs736_html	|	webpage:http://www_cs_wisc_edu/~bezenek/bezenek_html
255	webpage:http://www_cs_wisc_edu/~cs640-1/cs640_html	|	webpage:http://www_cs_wisc_edu/~sundaram/sundaram_html
251	webpage:http://www_cs_wisc_edu/~cs577-1/cs577_html	|	webpage:http://www_cs_wisc_edu/~raji/raji_html
153	webpage:http://www_cs_wisc_edu/~alain/alain_html	|	webpage:http://www_cs_wisc_edu/~breach/breach_html
0	webpage:http://robios8_me_wisc_edu	|	webpage:http://www_cs_wisc_edu/~shavlik/cs540-all_html
288	webpage:http://www_cs_wisc_edu/~dewitt/dewitt_html	|	webpage:http://www_cs_wisc_edu/~ramasamy/ramasamy_html
182	webpage:http://www_cs_wisc_edu/~bestor/bestor_html	|	webpage:http://www_cs_wisc_edu/~tick/cs110_html
129	webpage:http://www_cs_wisc_edu/condor	|	webpage:http://www_cs_wisc_edu/~raman/raman_html
331	webpage:http://www_cs_wisc_edu/~iss/userid_html	|	webpage:http://www_cs_wisc_edu/~cs132-3/cs132_html
368	webpage:http://www_cs_wisc_edu/~lloyd/lloyd_html	|	webpage:http://www_cs_wisc_edu/~sally/cs132_html
298	webpage:http://www_cs_wisc_edu/~dyer/dyer_html	|	webpage:http://www_cs_wisc_edu/~seitz/pmotion_html
173	webpage:http://www_cs_wisc_edu/~bart/bart_html	|	webpage:http://www_cs_wisc_edu/~newhall/newhall_html
447	webpage:http://www_cs_wisc_edu/~reps/reps_html	|	webpage:http://www_cs_wisc_edu/~manuvir/manuvir_html
157	webpage:http://www_cs_wisc_edu/~amos/amos_html	|	webpage:http://www_cs_wisc_edu/~cs513-1/cs513_html
373	webpage:http://www_cs_wisc_edu/~markhill/markhill_html	|	webpage:http://www_cs_wisc_edu/~markhill/cs752/fall94-95/cs752_html
229	webpage:http://www_cs_wisc_edu/~cs302/cs302_html	|	webpage:http://www_cs_wisc_edu/~greg/greg_html
179	webpage:http://www_cs_wisc_edu/~bestor/bestor_html	|	webpage:http://www_cs_wisc_edu/~bestor/cs110/cs110_html
19	webpage:http://www_cs_wisc_edu	|	webpage:http://www_cs_wisc_edu/~bestor/cs110/cs110_html
14	webpage:http://www_cs_wisc_edu	|	webpage:http://www_cs_wisc_edu/~ashisht/ashisht_html
64	webpage:http://www_cs_wisc_edu	|	webpage:http://www_cs_wisc_edu/~markhill/markhill_html
364	webpage:http://www_cs_wisc_edu/~lhl/lhl_html	|	webpage:http://www_cs_wisc_edu/~cs640-1/cs640_html
488	webpage:http://www_cs_wisc_edu/~suhui/cs132_html	|	webpage:http://www_cs_wisc_edu/~suhui/suhui_html
224	webpage:http://www_cs_wisc_edu/~cs302/cs302_html	|	webpage:http://www_cs_wisc_edu/~caol/caol_html
521	webpage:http://www_cs_wisc_edu/~yannis/yannis_html	|	webpage:http://www_cs_wisc_edu/~minos/minos_html
100	webpage:http://www_cs_wisc_edu	|	webpage:http://www_cs_wisc_edu/~shubu/shubu_html
235	webpage:http://www_cs_wisc_edu/~cs302/cs302_html	|	webpage:http://www_cs_wisc_edu/~mreames/cs302_html
355	webpage:http://www_cs_wisc_edu/~larus/larus_html	|	webpage:http://www_cs_wisc_edu/~gviswana/gviswana_html
74	webpage:http://www_cs_wisc_edu	|	webpage:http://www_cs_wisc_edu/~navin/navin_html
429	webpage:http://www_cs_wisc_edu/~prock/prock_html	|	webpage:http://www_cs_wisc_edu/~prock/cs302_html
377	webpage:http://www_cs_wisc_edu/~mbirk/cs110	|	webpage:http://www_cs_wisc_edu/~mbirk/mbirk_html
160	webpage:http://www_cs_wisc_edu/~arch/uwarch/courses/cs354_html	|	webpage:http://www_cs_wisc_edu/~markhill/markhill_html
522	webpage:http://www_cs_wisc_edu/~yannis/yannis_html	|	webpage:http://www_cs_wisc_edu/~poosala/poosala_html
308	webpage:http://www_cs_wisc_edu/~ferris/cs733_html	|	webpage:http://www_cs_wisc_edu/~ferris/cs525-all_html
276	webpage:http://www_cs_wisc_edu/~deboor/cs412_html	|	webpage:http://www_cs_wisc_edu/~deboor/deboor_html
42	webpage:http://www_cs_wisc_edu	|	webpage:http://www_cs_wisc_edu/~falsafi/falsafi_html
198	webpage:http://www_cs_wisc_edu/~cchin/cchin_html	|	webpage:http://www_cs_wisc_edu/~cs367-2/cs367_html
86	webpage:http://www_cs_wisc_edu	|	webpage:http://www_cs_wisc_edu/~raman/raman_html
220	webpage:http://www_cs_wisc_edu/~cs302/course_html	|	webpage:http://www_cs_wisc_edu/~cs302/cs302_html
202	webpage:http://www_cs_wisc_edu/~cs110/cs110_html	|	webpage:http://www_cs_wisc_edu/~mbirk/cs110
431	webpage:http://www_cs_wisc_edu/~pubs/faculty-info/condon_html	|	webpage:http://www_cs_wisc_edu/~glaserea/glaserea_html
214	webpage:http://www_cs_wisc_edu/~cs302	|	webpage:http://www_cs_wisc_edu/~cs110/cs110_html
430	webpage:http://www_cs_wisc_edu/~prock/prock_html	|	webpage:http://www_cs_wisc_edu/~prock/prock_html
21	webpage:http://www_cs_wisc_edu	|	webpage:http://www_cs_wisc_edu/~bockrath/bockrath_html
492	webpage:http://www_cs_wisc_edu/~swanderb/swanderb_html	|	webpage:http://www_cs_wisc_edu/~cs132-3/cs132_html
210	webpage:http://www_cs_wisc_edu/~cs132-1/cs132_html	|	webpage:http://www_cs_wisc_edu/~sally/cs132_html
446	webpage:http://www_cs_wisc_edu/~ratliff/ratliff_html	|	webpage:http://www_cs_wisc_edu/~cs132-2/cs132_html
421	webpage:http://www_cs_wisc_edu/~paulb/paulb_html	|	webpage:http://www_cs_wisc_edu/~olvi/olvi_html
112	webpage:http://www_cs_wisc_edu	|	webpage:http://www_cs_wisc_edu/~tick/cs110_html
181	webpage:http://www_cs_wisc_edu/~bestor/bestor_html	|	webpage:http://www_cs_wisc_edu/~dyer/dyer_html
529	webpage:http://www_engr_wisc_edu/me/faculty/duffie_neil_html	|	webpage:http://robios8_me_wisc_edu
389	webpage:http://www_cs_wisc_edu/~mreames/cs302_html	|	webpage:http://www_cs_wisc_edu/~mreames/mreames_html
57	webpage:http://www_cs_wisc_edu	|	webpage:http://www_cs_wisc_edu/~johannes/johannes_html
432	webpage:http://www_cs_wisc_edu/~pubs/faculty-info/miron_html	|	webpage:http://www_cs_wisc_edu/~jussi/jussi_html
128	webpage:http://www_cs_wisc_edu/condor	|	webpage:http://www_cs_wisc_edu/~jbasney/jbasney_html
91	webpage:http://www_cs_wisc_edu	|	webpage:http://www_cs_wisc_edu/~sashwin/sashwin_html
230	webpage:http://www_cs_wisc_edu/~cs302/cs302_html	|	webpage:http://www_cs_wisc_edu/~hcl/cs302_html
117	webpage:http://www_cs_wisc_edu	|	webpage:http://www_cs_wisc_edu/~watrous/watrous_html
106	webpage:http://www_cs_wisc_edu	|	webpage:http://www_cs_wisc_edu/~solomon/solomon_html
351	webpage:http://www_cs_wisc_edu/~larus/larus_html	|	webpage:http://www_cs_wisc_edu/~chilimbi/chilimbi_html
345	webpage:http://www_cs_wisc_edu/~jussi/jussi_html	|	webpage:http://www_cs_wisc_edu/~devise
120	webpage:http://www_cs_wisc_edu	|	webpage:http://www_cs_wisc_edu/~weiruc/weiruc_html
124	webpage:http://www_cs_wisc_edu	|	webpage:http://www_cs_wisc_edu/~zhao/zhao_html
252	webpage:http://www_cs_wisc_edu/~cs577-1/cs577_html	|	webpage:http://www_cs_wisc_edu/~sundaram/sundaram_html
290	webpage:http://www_cs_wisc_edu/~dyer/cs540_html	|	webpage:http://www_cs_wisc_edu/~dyer/dyer_html
11	webpage:http://www_cs_wisc_edu	|	webpage:http://www_cs_wisc_edu/~amir/amir_html
29	webpage:http://www_cs_wisc_edu	|	webpage:http://www_cs_wisc_edu/~cs132-1/cs132_html
158	webpage:http://www_cs_wisc_edu/~arch/uwarch/courses/cs354_html	|	webpage:http://www_cs_wisc_edu/~arch/uwarch/courses/cs552_html
178	webpage:http://www_cs_wisc_edu/~ben/ben_html	|	webpage:http://www_cs_wisc_edu/~cs132-2/cs132_html
411	webpage:http://www_cs_wisc_edu/~nhall/nhall_html	|	webpage:http://www_cs_wisc_edu/~solomon/solomon_html
500	webpage:http://www_cs_wisc_edu/~tsiolis/tsiolis_html	|	webpage:http://www_cs_wisc_edu/~cs132-2/cs132_html
148	webpage:http://www_cs_wisc_edu/shore	|	webpage:http://www_cs_wisc_edu/~jiebing/jiebing_html
515	webpage:http://www_cs_wisc_edu/~wwt	|	webpage:http://www_cs_wisc_edu/~markhill/markhill_html
414	webpage:http://www_cs_wisc_edu/~olvi/olvi_html	|	webpage:http://www_cs_wisc_edu/~paulb/paulb_html
249	webpage:http://www_cs_wisc_edu/~cs564-1/cs564_html	|	webpage:http://www_cs_wisc_edu/~jonb/jonb_html
234	webpage:http://www_cs_wisc_edu/~cs302/cs302_html	|	webpage:http://www_cs_wisc_edu/~milo/cs302_html
8	webpage:http://www_cs_wisc_edu	|	webpage:http://www_cs_wisc_edu/shore
390	webpage:http://www_cs_wisc_edu/~mreames/mreames_html	|	webpage:http://www_cs_wisc_edu/~mreames/cs302_html
154	webpage:http://www_cs_wisc_edu/~alain/alain_html	|	webpage:http://www_cs_wisc_edu/~falsafi/falsafi_html
456	webpage:http://www_cs_wisc_edu/~seitz/interp/vmorph_html	|	webpage:http://www_cs_wisc_edu/~dyer/dyer_html
256	webpage:http://www_cs_wisc_edu/~cs640-1/cs640_html	|	webpage:http://www_cs_wisc_edu/~weaver/weaver_html
174	webpage:http://www_cs_wisc_edu/~bart/bart_html	|	webpage:http://www_cs_wisc_edu/~zhichen/zhichen_html
65	webpage:http://www_cs_wisc_edu	|	webpage:http://www_cs_wisc_edu/~milo/cs302_html
240	webpage:http://www_cs_wisc_edu/~cs302/cs302_html	|	webpage:http://www_cs_wisc_edu/~weaver/weaver_html
434	webpage:http://www_cs_wisc_edu/~pubs/faculty-info/vernon_html	|	webpage:http://www_cs_wisc_edu/~cs537-2/cs537_html
300	webpage:http://www_cs_wisc_edu/~dzimm/cs302_html	|	webpage:http://www_cs_wisc_edu/~dzimm/dzimm_html
376	webpage:http://www_cs_wisc_edu/~markhill/markhill_html	|	webpage:http://www_cs_wisc_edu/~stever/stever_html
305	webpage:http://www_cs_wisc_edu/~falsafi/falsafi_html	|	webpage:http://www_cs_wisc_edu/~david/david_html
320	webpage:http://www_cs_wisc_edu/~goodman/goodman_html	|	webpage:http://www_cs_wisc_edu/~galileo
316	webpage:http://www_cs_wisc_edu/~galileo	|	webpage:http://www_cs_wisc_edu/~dburger/dburger_html
94	webpage:http://www_cs_wisc_edu	|	webpage:http://www_cs_wisc_edu/~schandra/schandra_html
404	webpage:http://www_cs_wisc_edu/~myuin/myuin_html	|	webpage:http://www_cs_wisc_edu/~sally/cs132_html
528	webpage:http://www_engr_wisc_edu/ece/faculty/saluja_kewal_html	|	webpage:http://www_cs_wisc_edu/~raman/raman_html
58	webpage:http://www_cs_wisc_edu	|	webpage:http://www_cs_wisc_edu/~jonb/jonb_html
449	webpage:http://www_cs_wisc_edu/~sally/cs132_html	|	webpage:http://www_cs_wisc_edu/~jonb/jonb_html
97	webpage:http://www_cs_wisc_edu	|	webpage:http://www_cs_wisc_edu/~shavlik/cs760_html
372	webpage:http://www_cs_wisc_edu/~markhill/markhill_html	|	webpage:http://www_cs_wisc_edu/~csashi/csashi_html
505	webpage:http://www_cs_wisc_edu/~vijay/vijay_html	|	webpage:http://www_cs_wisc_edu/~falsafi/falsafi_html
253	webpage:http://www_cs_wisc_edu/~cs640-1/cs640_html	|	webpage:http://www_cs_wisc_edu/~brad/brad_html
380	webpage:http://www_cs_wisc_edu/~mds/mds_html	|	webpage:http://www_cs_wisc_edu/~mds/mds_html
78	webpage:http://www_cs_wisc_edu	|	webpage:http://www_cs_wisc_edu/~plakal/plakal_html
155	webpage:http://www_cs_wisc_edu/~alain/alain_html	|	webpage:http://www_cs_wisc_edu/~galileo
244	webpage:http://www_cs_wisc_edu/~cs520-1/cs520_html	|	webpage:http://www_cs_wisc_edu/~sundaram/sundaram_html
324	webpage:http://www_cs_wisc_edu/~guangshu/guangshu_html	|	webpage:http://www_cs_wisc_edu/~devise
413	webpage:http://www_cs_wisc_edu/~olvi/olvi_html	|	webpage:http://www_cs_wisc_edu/~olvi/uwmp/cancer_html
296	webpage:http://www_cs_wisc_edu/~dyer/dyer_html	|	webpage:http://www_cs_wisc_edu/~seitz/interp/interp_html
482	webpage:http://www_cs_wisc_edu/~solomon/solomon_html	|	webpage:http://www_cs_wisc_edu/~solomon/solomon_html
407	webpage:http://www_cs_wisc_edu/~naughton/naughton_html	|	webpage:http://www_cs_wisc_edu/~ramasamy/ramasamy_html
275	webpage:http://www_cs_wisc_edu/~dburger/dburger_html	|	webpage:http://www_cs_wisc_edu/~galileo
452	webpage:http://www_cs_wisc_edu/~sally/sally_html	|	webpage:http://www_cs_wisc_edu/~sally/cs132_html
348	webpage:http://www_cs_wisc_edu/~kaxiras/kaxiras_html	|	webpage:http://www_cs_wisc_edu/~galileo
426	webpage:http://www_cs_wisc_edu/~praveen/projects/seq_html	|	webpage:http://www_cs_wisc_edu/~devise
185	webpage:http://www_cs_wisc_edu/~bockrath/bockrath_html	|	webpage:http://www_cs_wisc_edu/~cs132-1/cs132_html
189	webpage:http://www_cs_wisc_edu/~brad/brad_html	|	webpage:http://www_cs_wisc_edu/~sally/cs132_html
170	webpage:http://www_cs_wisc_edu/~ashraf/ashraf_html	|	webpage:http://www_cs_wisc_edu/~cs132-1/cs132_html
201	webpage:http://www_cs_wisc_edu/~cs110/cs110_html	|	webpage:http://www_cs_wisc_edu/~bestor/cs110/cs110_html
217	webpage:http://www_cs_wisc_edu/~cs302	|	webpage:http://www_cs_wisc_edu/~stenglei/stenglei_html
71	webpage:http://www_cs_wisc_edu	|	webpage:http://www_cs_wisc_edu/~mreames/cs302_html
39	webpage:http://www_cs_wisc_edu	|	webpage:http://www_cs_wisc_edu/~dyer/dyer_html
428	webpage:http://www_cs_wisc_edu/~prock/cs302_html	|	webpage:http://www_cs_wisc_edu/~prock/prock_html
177	webpage:http://www_cs_wisc_edu/~ben/ben_html	|	webpage:http://www_cs_wisc_edu/~cs132-1/cs132_html
279	webpage:http://www_cs_wisc_edu/~deboor/deboor_html	|	webpage:http://www_cs_wisc_edu/~deboor/cs717_html
30	webpage:http://www_cs_wisc_edu	|	webpage:http://www_cs_wisc_edu/~cs132-2/cs132_html
315	webpage:http://www_cs_wisc_edu/~fischer/fischer_html	|	webpage:http://www_cs_wisc_edu/~milo/milo_html
147	webpage:http://www_cs_wisc_edu/shore	|	webpage:http://www_cs_wisc_edu/~dewitt/dewitt_html
161	webpage:http://www_cs_wisc_edu/~arch/uwarch/courses/cs552_html	|	webpage:http://www_cs_wisc_edu/~arch/uwarch/courses/cs354_html
412	webpage:http://www_cs_wisc_edu/~olvi/olvi_html	|	webpage:http://www_cs_wisc_edu/~cs525-1/cs525_html
85	webpage:http://www_cs_wisc_edu	|	webpage:http://www_cs_wisc_edu/~raji/raji_html
274	webpage:http://www_cs_wisc_edu/~dburger/dburger_html	|	webpage:http://www_cs_wisc_edu/~falsafi/falsafi_html
184	webpage:http://www_cs_wisc_edu/~bestor/cs302/cs302_html	|	webpage:http://www_cs_wisc_edu/~bestor/bestor_html
48	webpage:http://www_cs_wisc_edu	|	webpage:http://www_cs_wisc_edu/~hasti/hasti_html
278	webpage:http://www_cs_wisc_edu/~deboor/deboor_html	|	webpage:http://www_cs_wisc_edu/~deboor/cs412_html
55	webpage:http://www_cs_wisc_edu	|	webpage:http://www_cs_wisc_edu/~jiebing/jiebing_html
257	webpage:http://www_cs_wisc_edu/~cs726-1	|	webpage:http://www_cs_wisc_edu/~cs726-1
118	webpage:http://www_cs_wisc_edu	|	webpage:http://www_cs_wisc_edu/~weaver/cs302_html
107	webpage:http://www_cs_wisc_edu	|	webpage:http://www_cs_wisc_edu/~ssl/ssl_html
79	webpage:http://www_cs_wisc_edu	|	webpage:http://www_cs_wisc_edu/~pmd/pmd_html
458	webpage:http://www_cs_wisc_edu/~seitz/interp/vmorph_html	|	webpage:http://www_cs_wisc_edu/~seitz/seitz_html
433	webpage:http://www_cs_wisc_edu/~pubs/faculty-info/miron_html	|	webpage:http://www_cs_wisc_edu/~wenger/wenger_html
514	webpage:http://www_cs_wisc_edu/~wwt	|	webpage:http://www_cs_wisc_edu/~lederman/lederman_html
486	webpage:http://www_cs_wisc_edu/~strik/cs310_html	|	webpage:http://www_cs_wisc_edu/~strik/strik_html
261	webpage:http://www_cs_wisc_edu/~cs737-1/cs737_html	|	webpage:http://www_cs_wisc_edu/~raji/raji_html
216	webpage:http://www_cs_wisc_edu/~cs302	|	webpage:http://www_cs_wisc_edu/~milo/milo_html
5	webpage:http://www_cs_wisc_edu	|	webpage:http://robios8_me_wisc_edu
222	webpage:http://www_cs_wisc_edu/~cs302/cs302_html	|	webpage:http://www_cs_wisc_edu/~bestor/cs302/cs302_html
343	webpage:http://www_cs_wisc_edu/~jonb/jonb_html	|	webpage:http://www_cs_wisc_edu/~cs132-4/cs132_html
396	webpage:http://www_cs_wisc_edu/~mscalar	|	webpage:http://www_cs_wisc_edu/~mscalar
125	webpage:http://www_cs_wisc_edu	|	webpage:http://www_engr_wisc_edu/ece/faculty/saluja_kewal_html
144	webpage:http://www_cs_wisc_edu/scout	|	webpage:http://www_cs_wisc_edu/~scal/scal_html
219	webpage:http://www_cs_wisc_edu/~cs302/course_html	|	webpage:http://www_cs_wisc_edu/~cs302
448	webpage:http://www_cs_wisc_edu/~rmanning/cs110_html	|	webpage:http://www_cs_wisc_edu/~cs110/cs110_html
162	webpage:http://www_cs_wisc_edu/~arch/uwarch/courses/cs552_html	|	webpage:http://www_cs_wisc_edu/~arch/uwarch/courses/cs752_html
232	webpage:http://www_cs_wisc_edu/~cs302/cs302_html	|	webpage:http://www_cs_wisc_edu/~mbirk/cs302
200	webpage:http://www_cs_wisc_edu/~cs110/cs110_html	|	webpage:http://www_cs_wisc_edu/~bestor/bestor_html
520	webpage:http://www_cs_wisc_edu/~yannis/yannis_html	|	webpage:http://www_cs_wisc_edu/~cs367-2/cs367_html
391	webpage:http://www_cs_wisc_edu/~mreames/mreames_html	|	webpage:http://www_cs_wisc_edu/~mreames/mreames_html
506	webpage:http://www_cs_wisc_edu/~vijay/vijay_html	|	webpage:http://www_cs_wisc_edu/~sohi/sohi_html
254	webpage:http://www_cs_wisc_edu/~cs640-1/cs640_html	|	webpage:http://www_cs_wisc_edu/~raji/raji_html
258	webpage:http://www_cs_wisc_edu/~cs726-1	|	webpage:http://www_cs_wisc_edu/~cs726-1/cs726_html
62	webpage:http://www_cs_wisc_edu	|	webpage:http://www_cs_wisc_edu/~larus/larus_html
176	webpage:http://www_cs_wisc_edu/~bart/cs736_html	|	webpage:http://www_cs_wisc_edu/~brad/brad_html
427	webpage:http://www_cs_wisc_edu/~praveen/projects/seq_html	|	webpage:http://www_cs_wisc_edu/~raghu/raghu_html
453	webpage:http://www_cs_wisc_edu/~schnarr/schnarr_html	|	webpage:http://www_cs_wisc_edu/~schnarr/schnarr_html
321	webpage:http://www_cs_wisc_edu/~greg/cs302_html	|	webpage:http://www_cs_wisc_edu/~greg/greg_html
375	webpage:http://www_cs_wisc_edu/~markhill/markhill_html	|	webpage:http://www_cs_wisc_edu/~shubu/shubu_html
260	webpage:http://www_cs_wisc_edu/~cs737-1/cs737_html	|	webpage:http://www_cs_wisc_edu/~brad/brad_html
379	webpage:http://www_cs_wisc_edu/~mcauliff/mcauliff_html	|	webpage:http://www_cs_wisc_edu/~solomon/solomon_html
237	webpage:http://www_cs_wisc_edu/~cs302/cs302_html	|	webpage:http://www_cs_wisc_edu/~prock/cs302_html
172	webpage:http://www_cs_wisc_edu/~bach/bach_html	|	webpage:http://www_cs_wisc_edu/~cs577-1/cs577_html
353	webpage:http://www_cs_wisc_edu/~larus/larus_html	|	webpage:http://www_cs_wisc_edu/~cs838-1/cs838_html
357	webpage:http://www_cs_wisc_edu/~larus/larus_html	|	webpage:http://www_cs_wisc_edu/~markhill/markhill_html
314	webpage:http://www_cs_wisc_edu/~fischer/cs701_html	|	webpage:http://www_cs_wisc_edu/~milo/milo_html
13	webpage:http://www_cs_wisc_edu	|	webpage:http://www_cs_wisc_edu/~arvind/arvind_html
416	webpage:http://www_cs_wisc_edu/~paradyn	|	webpage:http://www_cs_wisc_edu/~mjrg/mjrg_html
490	webpage:http://www_cs_wisc_edu/~suhui/suhui_html	|	webpage:http://www_cs_wisc_edu/~cs132-2/cs132_html
236	webpage:http://www_cs_wisc_edu/~cs302/cs302_html	|	webpage:http://www_cs_wisc_edu/~msteele/cs302_html
171	webpage:http://www_cs_wisc_edu/~ashraf/ashraf_html	|	webpage:http://www_cs_wisc_edu/~cs132-2/cs132_html
146	webpage:http://www_cs_wisc_edu/shore	|	webpage:http://www_cs_wisc_edu/~bolo/bolo_html
381	webpage:http://www_cs_wisc_edu/~mellen/mellen_html	|	webpage:http://www_cs_wisc_edu/~cs537-1/cs537_html
159	webpage:http://www_cs_wisc_edu/~arch/uwarch/courses/cs354_html	|	webpage:http://www_cs_wisc_edu/~david/david_html
72	webpage:http://www_cs_wisc_edu	|	webpage:http://www_cs_wisc_edu/~mreames/mreames_html
101	webpage:http://www_cs_wisc_edu	|	webpage:http://www_cs_wisc_edu/~skrentny/skrentny_html
461	webpage:http://www_cs_wisc_edu/~seitz/seitz_html	|	webpage:http://www_cs_wisc_edu/~dyer/dyer_html
424	webpage:http://www_cs_wisc_edu/~paulb/paulb_html	|	webpage:http://www_cs_wisc_edu/~paulb/paulb_html
37	webpage:http://www_cs_wisc_edu	|	webpage:http://www_cs_wisc_edu/~deboor/cs717_html
167	webpage:http://www_cs_wisc_edu/~arch/uwarch/courses/cs752_html	|	webpage:http://www_cs_wisc_edu/~markhill/markhill_html
402	webpage:http://www_cs_wisc_edu/~myuin/myuin_html	|	webpage:http://www_cs_wisc_edu/~cs132-3/cs132_html
499	webpage:http://www_cs_wisc_edu/~tsiolis/tsiolis_html	|	webpage:http://www_cs_wisc_edu/~cs132-1/cs132_html
63	webpage:http://www_cs_wisc_edu	|	webpage:http://www_cs_wisc_edu/~lloyd/lloyd_html
212	webpage:http://www_cs_wisc_edu/~cs132-3/cs132_html	|	webpage:http://www_cs_wisc_edu/~iss/userid_html
334	webpage:http://www_cs_wisc_edu/~jerel/jerel_html	|	webpage:http://www_cs_wisc_edu/~jerel/jerel_html
513	webpage:http://www_cs_wisc_edu/~wwt	|	webpage:http://www_cs_wisc_edu/~falsafi/falsafi_html
187	webpage:http://www_cs_wisc_edu/~brad/brad_html	|	webpage:http://www_cs_wisc_edu/~cs132-3/cs132_html
489	webpage:http://www_cs_wisc_edu/~suhui/suhui_html	|	webpage:http://www_cs_wisc_edu/~cs132-1/cs132_html
527	webpage:http://www_ece_wisc_edu/~jes/ece752_html	|	webpage:http://www_cs_wisc_edu/~markhill/cs752_html
121	webpage:http://www_cs_wisc_edu	|	webpage:http://www_cs_wisc_edu/~wenger/wenger_html
349	webpage:http://www_cs_wisc_edu/~kunen/cs540_html	|	webpage:http://www_cs_wisc_edu/~kunen/kunen_html
77	webpage:http://www_cs_wisc_edu	|	webpage:http://www_cs_wisc_edu/~parker/parker_html
479	webpage:http://www_cs_wisc_edu/~solomon/cs736_html	|	webpage:http://www_cs_wisc_edu/~solomon/solomon_html
297	webpage:http://www_cs_wisc_edu/~dyer/dyer_html	|	webpage:http://www_cs_wisc_edu/~seitz/interp/vmorph_html
115	webpage:http://www_cs_wisc_edu	|	webpage:http://www_cs_wisc_edu/~vganti/vganti_html
382	webpage:http://www_cs_wisc_edu/~melski/cs302_html	|	webpage:http://www_cs_wisc_edu/~melski/melski_html
464	webpage:http://www_cs_wisc_edu/~seitz/seitz_html	|	webpage:http://www_cs_wisc_edu/~seitz/interp/vmorph_html
322	webpage:http://www_cs_wisc_edu/~greg/greg_html	|	webpage:http://www_cs_wisc_edu/~greg/cs302_html
208	webpage:http://www_cs_wisc_edu/~cs132-1/cs132_html	|	webpage:http://www_cs_wisc_edu/~jyothi/jyothi_html
342	webpage:http://www_cs_wisc_edu/~jonb/jonb_html	|	webpage:http://www_cs_wisc_edu/~cs132-3/cs132_html
277	webpage:http://www_cs_wisc_edu/~deboor/cs717_html	|	webpage:http://www_cs_wisc_edu/~deboor/deboor_html
163	webpage:http://www_cs_wisc_edu/~arch/uwarch/courses/cs552_html	|	webpage:http://www_cs_wisc_edu/~david/david_html
227	webpage:http://www_cs_wisc_edu/~cs302/cs302_html	|	webpage:http://www_cs_wisc_edu/~dzimm/dzimm_html
6	webpage:http://www_cs_wisc_edu	|	webpage:http://robios8_me_wisc_edu/~lumelsky/lumelsky_html
302	webpage:http://www_cs_wisc_edu/~ejhazen/ejhazen_html	|	webpage:http://www_cs_wisc_edu/~pdevries/pdevries_html
108	webpage:http://www_cs_wisc_edu	|	webpage:http://www_cs_wisc_edu/~stenglei/stenglei_html
139	webpage:http://www_cs_wisc_edu/paradise	|	webpage:http://www_cs_wisc_edu/~curt/curt_html
84	webpage:http://www_cs_wisc_edu	|	webpage:http://www_cs_wisc_edu/~rahul/rahul_html
485	webpage:http://www_cs_wisc_edu/~strik/cs310_html	|	webpage:http://www_cs_wisc_edu/~hog/hog_html
196	webpage:http://www_cs_wisc_edu/~carey/carey_html	|	webpage:http://www_cs_wisc_edu/exodus
49	webpage:http://www_cs_wisc_edu	|	webpage:http://www_cs_wisc_edu/~hcl/hcl_html
143	webpage:http://www_cs_wisc_edu/scout	|	webpage:http://www_cs_wisc_edu/~ejhazen/ejhazen_html
480	webpage:http://www_cs_wisc_edu/~solomon/solomon_html	|	webpage:http://www_cs_wisc_edu/~cs537-1/cs537_html
273	webpage:http://www_cs_wisc_edu/~dburger/dburger_html	|	webpage:http://www_cs_wisc_edu/~breach/breach_html
56	webpage:http://www_cs_wisc_edu	|	webpage:http://www_cs_wisc_edu/~jignesh/jignesh_html
346	webpage:http://www_cs_wisc_edu/~jyothi/jyothi_html	|	webpage:http://www_cs_wisc_edu/~cs132-1/cs132_html
374	webpage:http://www_cs_wisc_edu/~markhill/markhill_html	|	webpage:http://www_cs_wisc_edu/~schoinas/schoinas_html
92	webpage:http://www_cs_wisc_edu	|	webpage:http://www_cs_wisc_edu/~sastry/sastry_html
195	webpage:http://www_cs_wisc_edu/~cao/cs736/cs736_html	|	webpage:http://www_cs_wisc_edu/~cao/cao_html
502	webpage:http://www_cs_wisc_edu/~turnidge/turnidge_html	|	webpage:http://www_cs_wisc_edu/~turnidge/cs302_html
294	webpage:http://www_cs_wisc_edu/~dyer/dyer_html	|	webpage:http://www_cs_wisc_edu/~morgan/morgan_html
23	webpage:http://www_cs_wisc_edu	|	webpage:http://www_cs_wisc_edu/~brad/brad_html
242	webpage:http://www_cs_wisc_edu/~cs367-2/cs367_html	|	webpage:http://www_cs_wisc_edu/~cs367-2/cs367_html
495	webpage:http://www_cs_wisc_edu/~tick/cs110_html	|	webpage:http://www_cs_wisc_edu/~cs110/cs110_html
266	webpage:http://www_cs_wisc_edu/~cs838-2/cs838_html	|	webpage:http://www_cs_wisc_edu/~greg/greg_html
443	webpage:http://www_cs_wisc_edu/~ramasamy/ramasamy_html	|	webpage:http://www_cs_wisc_edu/~samit/samit_html
465	webpage:http://www_cs_wisc_edu/~seitz/seitz_html	|	webpage:http://www_cs_wisc_edu/~seitz/pmotion_html
397	webpage:http://www_cs_wisc_edu/~mscalar	|	webpage:http://www_cs_wisc_edu/~sodani/sodani_html
435	webpage:http://www_cs_wisc_edu/~raghu/raghu_html	|	webpage:http://www_cs_wisc_edu/~cs564-1/cs564_html
3	webpage:http://robios8_me_wisc_edu/~lumelsky/lumelsky_html	|	webpage:http://www_cs_wisc_edu/~hert/hert_html
512	webpage:http://www_cs_wisc_edu/~wwt	|	webpage:http://www_cs_wisc_edu/~dburger/dburger_html
20	webpage:http://www_cs_wisc_edu	|	webpage:http://www_cs_wisc_edu/~bestor/cs302/cs302_html
145	webpage:http://www_cs_wisc_edu/shore	|	webpage:http://www_cs_wisc_edu/exodus
246	webpage:http://www_cs_wisc_edu/~cs564-1/cs564_html	|	webpage:http://www_cs_wisc_edu/~cs564-2/cs564_html
16	webpage:http://www_cs_wisc_edu	|	webpage:http://www_cs_wisc_edu/~bart/bart_html
168	webpage:http://www_cs_wisc_edu/~arch/uwarch/courses/cs757_html	|	webpage:http://www_cs_wisc_edu/~david/david_html
238	webpage:http://www_cs_wisc_edu/~cs302/cs302_html	|	webpage:http://www_cs_wisc_edu/~turnidge/cs302_html
329	webpage:http://www_cs_wisc_edu/~hummert/cs110/cs110_html	|	webpage:http://www_cs_wisc_edu/~hummert/hummert_html
354	webpage:http://www_cs_wisc_edu/~larus/larus_html	|	webpage:http://www_cs_wisc_edu/~falsafi/falsafi_html
38	webpage:http://www_cs_wisc_edu	|	webpage:http://www_cs_wisc_edu/~deboor/deboor_html
142	webpage:http://www_cs_wisc_edu/paradise	|	webpage:http://www_cs_wisc_edu/~jignesh/jignesh_html
111	webpage:http://www_cs_wisc_edu	|	webpage:http://www_cs_wisc_edu/~suhui/suhui_html
362	webpage:http://www_cs_wisc_edu/~leavy/leavy_html	|	webpage:http://www_cs_wisc_edu/~cs132-4/cs132_html
415	webpage:http://www_cs_wisc_edu/~paradyn	|	webpage:http://www_cs_wisc_edu/~karavan/karavan_html
259	webpage:http://www_cs_wisc_edu/~cs737-1/cs737_html	|	webpage:http://www_cs_wisc_edu/~bockrath/bockrath_html
378	webpage:http://www_cs_wisc_edu/~mbirk/cs302	|	webpage:http://www_cs_wisc_edu/~mbirk/mbirk_html
496	webpage:http://www_cs_wisc_edu/~tick/tick_html	|	webpage:http://www_cs_wisc_edu/~tick/cs110_html
123	webpage:http://www_cs_wisc_edu	|	webpage:http://www_cs_wisc_edu/~zhang/zhang_html
410	webpage:http://www_cs_wisc_edu/~naughton/naughton_html	|	webpage:http://www_cs_wisc_edu/~zhao/zhao_html
99	webpage:http://www_cs_wisc_edu	|	webpage:http://www_cs_wisc_edu/~shavlik/uwml_html
474	webpage:http://www_cs_wisc_edu/~so/so_html	|	webpage:http://www_cs_wisc_edu/~dyer/cs766_html
138	webpage:http://www_cs_wisc_edu/paradise	|	webpage:http://www_cs_wisc_edu/~bolo/bolo_html
60	webpage:http://www_cs_wisc_edu	|	webpage:http://www_cs_wisc_edu/~karavan/karavan_html
369	webpage:http://www_cs_wisc_edu/~markhill/cs752_html	|	webpage:http://www_cs_wisc_edu/~arch/uwarch/courses/cs752_html
405	webpage:http://www_cs_wisc_edu/~natassa/natassa_html	|	webpage:http://www_cs_wisc_edu/~natassa/natassa_html
519	webpage:http://www_cs_wisc_edu/~wwt	|	webpage:http://www_cs_wisc_edu/~zhichen/zhichen_html
451	webpage:http://www_cs_wisc_edu/~sally/sally_html	|	webpage:http://www_cs_wisc_edu/~cs132-4/cs132_html
241	webpage:http://www_cs_wisc_edu/~cs367-2/cs367_html	|	webpage:http://www_cs_wisc_edu/~cchin/cchin_html
478	webpage:http://www_cs_wisc_edu/~sohi/sohi_html	|	webpage:http://www_cs_wisc_edu/~vijay/vijay_html
213	webpage:http://www_cs_wisc_edu/~cs132-3/cs132_html	|	webpage:http://www_cs_wisc_edu/~lloyd/lloyd_html
46	webpage:http://www_cs_wisc_edu	|	webpage:http://www_cs_wisc_edu/~gviswana/gviswana_html
69	webpage:http://www_cs_wisc_edu	|	webpage:http://www_cs_wisc_edu/~morgan/morgan_html
425	webpage:http://www_cs_wisc_edu/~pmd/pmd_html	|	webpage:http://www_cs_wisc_edu/~samit/samit_html
335	webpage:http://www_cs_wisc_edu/~jherro/jherro_html	|	webpage:http://www_cs_wisc_edu/~cs132-1/cs132_html
186	webpage:http://www_cs_wisc_edu/~bockrath/bockrath_html	|	webpage:http://www_cs_wisc_edu/~cs132-2/cs132_html
75	webpage:http://www_cs_wisc_edu	|	webpage:http://www_cs_wisc_edu/~nsp/nsp_html
218	webpage:http://www_cs_wisc_edu/~cs302	|	webpage:http://www_cs_wisc_edu/~tmunson/302/home_html
436	webpage:http://www_cs_wisc_edu/~raghu/raghu_html	|	webpage:http://www_cs_wisc_edu/~devise
164	webpage:http://www_cs_wisc_edu/~arch/uwarch/courses/cs552_html	|	webpage:http://www_cs_wisc_edu/~markhill/markhill_html
228	webpage:http://www_cs_wisc_edu/~cs302/cs302_html	|	webpage:http://www_cs_wisc_edu/~greg/cs302_html
4	webpage:http://www_cae_wisc_edu/~ece552	|	webpage:http://www_cs_wisc_edu/~raman/raman_html
350	webpage:http://www_cs_wisc_edu/~kunen/kunen_html	|	webpage:http://www_cs_wisc_edu/~kunen/cs540_html
70	webpage:http://www_cs_wisc_edu	|	webpage:http://www_cs_wisc_edu/~moshovos/moshovos_html
442	webpage:http://www_cs_wisc_edu/~raman/raman_html	|	webpage:http://www_cs_wisc_edu/~raman/raman_html
239	webpage:http://www_cs_wisc_edu/~cs302/cs302_html	|	webpage:http://www_cs_wisc_edu/~weaver/cs302_html
83	webpage:http://www_cs_wisc_edu	|	webpage:http://www_cs_wisc_edu/~raghu/raghu_html
194	webpage:http://www_cs_wisc_edu/~cao/cao_html	|	webpage:http://www_cs_wisc_edu/~raman/raman_html
455	webpage:http://www_cs_wisc_edu/~seitz/interp/interp_html	|	webpage:http://www_cs_wisc_edu/~seitz/seitz_html
10	webpage:http://www_cs_wisc_edu	|	webpage:http://www_cs_wisc_edu/~allex/allex_html
141	webpage:http://www_cs_wisc_edu/paradise	|	webpage:http://www_cs_wisc_edu/~jiebing/jiebing_html
245	webpage:http://www_cs_wisc_edu/~cs537-2/cs537_html	|	webpage:http://www_cs_wisc_edu/~msteele/msteele_html
207	webpage:http://www_cs_wisc_edu/~cs132-1/cs132_html	|	webpage:http://www_cs_wisc_edu/~cs132-4/cs132_html
137	webpage:http://www_cs_wisc_edu/paradise	|	webpage:http://www_cs_wisc_edu/shore
47	webpage:http://www_cs_wisc_edu	|	webpage:http://www_cs_wisc_edu/~harit/harit_html
15	webpage:http://www_cs_wisc_edu	|	webpage:http://www_cs_wisc_edu/~ashraf/ashraf_html
398	webpage:http://www_cs_wisc_edu/~mscalar	|	webpage:http://www_cs_wisc_edu/~sohi/sohi_html
287	webpage:http://www_cs_wisc_edu/~dewitt/dewitt_html	|	webpage:http://www_cs_wisc_edu/~kristint/kristint_html
336	webpage:http://www_cs_wisc_edu/~jherro/jherro_html	|	webpage:http://www_cs_wisc_edu/~cs132-2/cs132_html
9	webpage:http://www_cs_wisc_edu	|	webpage:http://www_cs_wisc_edu/~agupta/agupta_html
22	webpage:http://www_cs_wisc_edu	|	webpage:http://www_cs_wisc_edu/~bolo/bolo_html
295	webpage:http://www_cs_wisc_edu/~dyer/dyer_html	|	webpage:http://www_cs_wisc_edu/~seitz/animation_html
32	webpage:http://www_cs_wisc_edu	|	webpage:http://www_cs_wisc_edu/~cs310-2/cs310_html
301	webpage:http://www_cs_wisc_edu/~dzimm/dzimm_html	|	webpage:http://www_cs_wisc_edu/~dzimm/cs302_html
262	webpage:http://www_cs_wisc_edu/~cs737-1/cs737_html	|	webpage:http://www_cs_wisc_edu/~raman/raman_html
267	webpage:http://www_cs_wisc_edu/~cs838-2/cs838_html	|	webpage:http://www_cs_wisc_edu/~hasti/hasti_html
28	webpage:http://www_cs_wisc_edu	|	webpage:http://www_cs_wisc_edu/~cchin/cchin_html
109	webpage:http://www_cs_wisc_edu	|	webpage:http://www_cs_wisc_edu/~strik/cs310_html
116	webpage:http://www_cs_wisc_edu	|	webpage:http://www_cs_wisc_edu/~vijay/vijay_html
394	webpage:http://www_cs_wisc_edu/~mscalar	|	webpage:http://www_cs_wisc_edu/~ericro/ericro_html
477	webpage:http://www_cs_wisc_edu/~sohi/sohi_html	|	webpage:http://www_cs_wisc_edu/~moshovos/moshovos_html
459	webpage:http://www_cs_wisc_edu/~seitz/pmotion_html	|	webpage:http://www_cs_wisc_edu/~seitz/animation_html
53	webpage:http://www_cs_wisc_edu	|	webpage:http://www_cs_wisc_edu/~iigor/iigor_html
361	webpage:http://www_cs_wisc_edu/~leavy/leavy_html	|	webpage:http://www_cs_wisc_edu/~cs132-3/cs132_html
473	webpage:http://www_cs_wisc_edu/~so/so_html	|	webpage:http://www_cs_wisc_edu/~dyer/cs540_html
133	webpage:http://www_cs_wisc_edu/coral	|	webpage:http://www_cs_wisc_edu/~raghu/raghu_html
525	webpage:http://www_ece_wisc_edu/~jes/ece752_html	|	webpage:http://www_cs_wisc_edu/~bsri/bsri_html
445	webpage:http://www_cs_wisc_edu/~ratliff/ratliff_html	|	webpage:http://www_cs_wisc_edu/~cs132-1/cs132_html
388	webpage:http://www_cs_wisc_edu/~moshovos/moshovos_html	|	webpage:http://www_cs_wisc_edu/~sohi/sohi_html
68	webpage:http://www_cs_wisc_edu	|	webpage:http://www_cs_wisc_edu/~mjrg/mjrg_html
403	webpage:http://www_cs_wisc_edu/~myuin/myuin_html	|	webpage:http://www_cs_wisc_edu/~cs132-4/cs132_html
400	webpage:http://www_cs_wisc_edu/~msteele/cs302_html	|	webpage:http://www_cs_wisc_edu/~msteele/msteele_html
132	webpage:http://www_cs_wisc_edu/coral	|	webpage:http://www_cs_wisc_edu/~flisakow/flisakow_html
328	webpage:http://www_cs_wisc_edu/~hummert/cs110/cs110_html	|	webpage:http://www_cs_wisc_edu/~cs110/cs110_html
82	webpage:http://www_cs_wisc_edu	|	webpage:http://www_cs_wisc_edu/~prock/prock_html
526	webpage:http://www_ece_wisc_edu/~jes/ece752_html	|	webpage:http://www_cs_wisc_edu/~greg/greg_html
312	webpage:http://www_cs_wisc_edu/~fischer/cs701_html	|	webpage:http://www_cs_wisc_edu/~jonb/jonb_html
103	webpage:http://www_cs_wisc_edu	|	webpage:http://www_cs_wisc_edu/~so/travis_html
151	webpage:http://www_cs_wisc_edu/~agupta/agupta_html	|	webpage:http://www_cs_wisc_edu/~cs132-1/cs132_html
140	webpage:http://www_cs_wisc_edu/paradise	|	webpage:http://www_cs_wisc_edu/~dewitt/dewitt_html
96	webpage:http://www_cs_wisc_edu	|	webpage:http://www_cs_wisc_edu/~shavlik/cs540-all_html
330	webpage:http://www_cs_wisc_edu/~hummert/hummert_html	|	webpage:http://www_cs_wisc_edu/~hummert/cs110/cs110_html
483	webpage:http://www_cs_wisc_edu/~stever/stever_html	|	webpage:http://www_cs_wisc_edu/~david/david_html
263	webpage:http://www_cs_wisc_edu/~cs737-1/cs737_html	|	webpage:http://www_cs_wisc_edu/~weiruc/weiruc_html
34	webpage:http://www_cs_wisc_edu	|	webpage:http://www_cs_wisc_edu/~curt/curt_html
497	webpage:http://www_cs_wisc_edu/~tmunson/302/home_html	|	webpage:http://www_cs_wisc_edu/~tmunson/tmunson_html
61	webpage:http://www_cs_wisc_edu	|	webpage:http://www_cs_wisc_edu/~krung/krung_html
272	webpage:http://www_cs_wisc_edu/~david/david_html	|	webpage:http://www_cs_wisc_edu/~toonen/toonen_html
360	webpage:http://www_cs_wisc_edu/~larus/larus_html	|	webpage:http://www_cs_wisc_edu/~zhichen/zhichen_html
280	webpage:http://www_cs_wisc_edu/~deboor/ma887_html	|	webpage:http://www_cs_wisc_edu/~deboor/deboor_html
511	webpage:http://www_cs_wisc_edu/~wwt	|	webpage:http://www_cs_wisc_edu/~david/david_html
89	webpage:http://www_cs_wisc_edu	|	webpage:http://www_cs_wisc_edu/~saeed/saeed_html
35	webpage:http://www_cs_wisc_edu	|	webpage:http://www_cs_wisc_edu/~dailey/dailey_html
518	webpage:http://www_cs_wisc_edu/~wwt	|	webpage:http://www_cs_wisc_edu/~stever/stever_html
365	webpage:http://www_cs_wisc_edu/~lhl/lhl_html	|	webpage:http://www_cs_wisc_edu/~weaver/weaver_html
487	webpage:http://www_cs_wisc_edu/~subbarao/subbarao_html	|	webpage:http://www_cs_wisc_edu/~amir/amir_html
54	webpage:http://www_cs_wisc_edu	|	webpage:http://www_cs_wisc_edu/~iss/userid_html
501	webpage:http://www_cs_wisc_edu/~turnidge/cs302_html	|	webpage:http://www_cs_wisc_edu/~turnidge/turnidge_html
169	webpage:http://www_cs_wisc_edu/~arch/uwarch/courses/cs757_html	|	webpage:http://www_cs_wisc_edu/~markhill/markhill_html
384	webpage:http://www_cs_wisc_edu/~melski/melski_html	|	webpage:http://www_cs_wisc_edu/~melski/melski_html
299	webpage:http://www_cs_wisc_edu/~dyer/dyer_html	|	webpage:http://www_cs_wisc_edu/~seitz/seitz_html
493	webpage:http://www_cs_wisc_edu/~swanderb/swanderb_html	|	webpage:http://www_cs_wisc_edu/~cs132-4/cs132_html
460	webpage:http://www_cs_wisc_edu/~seitz/pmotion_html	|	webpage:http://www_cs_wisc_edu/~seitz/seitz_html
50	webpage:http://www_cs_wisc_edu	|	webpage:http://www_cs_wisc_edu/~hert/hert_html
18	webpage:http://www_cs_wisc_edu	|	webpage:http://www_cs_wisc_edu/~bestor/bestor_html
395	webpage:http://www_cs_wisc_edu/~mscalar	|	webpage:http://www_cs_wisc_edu/~moshovos/moshovos_html
437	webpage:http://www_cs_wisc_edu/~raghu/raghu_html	|	webpage:http://www_cs_wisc_edu/~guangshu/guangshu_html
366	webpage:http://www_cs_wisc_edu/~lloyd/lloyd_html	|	webpage:http://www_cs_wisc_edu/~cs132-3/cs132_html
286	webpage:http://www_cs_wisc_edu/~dewitt/dewitt_html	|	webpage:http://www_cs_wisc_edu/~bolo/bolo_html
454	webpage:http://www_cs_wisc_edu/~schoinas/schoinas_html	|	webpage:http://www_cs_wisc_edu/~falsafi/falsafi_html
136	webpage:http://www_cs_wisc_edu/exodus	|	webpage:http://www_cs_wisc_edu/shore
344	webpage:http://www_cs_wisc_edu/~jonb/jonb_html	|	webpage:http://www_cs_wisc_edu/~sally/cs132_html
340	webpage:http://www_cs_wisc_edu/~johannes/johannes_html	|	webpage:http://www_cs_wisc_edu/~johannes/johannes_html
292	webpage:http://www_cs_wisc_edu/~dyer/cs766_html	|	webpage:http://www_cs_wisc_edu/~dyer/dyer_html
327	webpage:http://www_cs_wisc_edu/~horwitz/cs536/cs536_html	|	webpage:http://www_cs_wisc_edu/~horwitz/horwitz_html
418	webpage:http://www_cs_wisc_edu/~paradyn	|	webpage:http://www_cs_wisc_edu/~tamches/tamches_html
504	webpage:http://www_cs_wisc_edu/~vijay/vijay_html	|	webpage:http://www_cs_wisc_edu/~breach/breach_html
44	webpage:http://www_cs_wisc_edu	|	webpage:http://www_cs_wisc_edu/~greg/greg_html
206	webpage:http://www_cs_wisc_edu/~cs132-1/cs132_html	|	webpage:http://www_cs_wisc_edu/~cs132-3/cs132_html
441	webpage:http://www_cs_wisc_edu/~raghu/raghu_html	|	webpage:http://www_cs_wisc_edu/~zhang/zhang_html
193	webpage:http://www_cs_wisc_edu/~cao/cao_html	|	webpage:http://www_cs_wisc_edu/~cao/cao_html
31	webpage:http://www_cs_wisc_edu	|	webpage:http://www_cs_wisc_edu/~cs310-1/cs310_html
466	webpage:http://www_cs_wisc_edu/~shavlik/cs540-all_html	|	webpage:http://www_cs_wisc_edu/~dyer/cs540_html
383	webpage:http://www_cs_wisc_edu/~melski/melski_html	|	webpage:http://www_cs_wisc_edu/~melski/cs302_html
73	webpage:http://www_cs_wisc_edu	|	webpage:http://www_cs_wisc_edu/~msteele/msteele_html
225	webpage:http://www_cs_wisc_edu/~cs302/cs302_html	|	webpage:http://www_cs_wisc_edu/~cs302/course_html
127	webpage:http://www_cs_wisc_edu/condor	|	webpage:http://www_cs_wisc_edu/~bockrath/bockrath_html
211	webpage:http://www_cs_wisc_edu/~cs132-3/cs132_html	|	webpage:http://www_cs_wisc_edu/~brad/brad_html
469	webpage:http://www_cs_wisc_edu/~shavlik/uwml_html	|	webpage:http://www_cs_wisc_edu/~allex/allex_html
281	webpage:http://www_cs_wisc_edu/~devise	|	webpage:http://www_cs_wisc_edu/~cs737-1/cs737_html
271	webpage:http://www_cs_wisc_edu/~david/david_html	|	webpage:http://www_cs_wisc_edu/~stever/stever_html
165	webpage:http://www_cs_wisc_edu/~arch/uwarch/courses/cs752_html	|	webpage:http://www_cs_wisc_edu/~arch/uwarch/courses/cs757_html
313	webpage:http://www_cs_wisc_edu/~fischer/cs701_html	|	webpage:http://www_cs_wisc_edu/~lloyd/lloyd_html
221	webpage:http://www_cs_wisc_edu/~cs302/cs302_html	|	webpage:http://www_cs_wisc_edu/~bestor/bestor_html
352	webpage:http://www_cs_wisc_edu/~larus/larus_html	|	webpage:http://www_cs_wisc_edu/~cs367-3/cs367_html
25	webpage:http://www_cs_wisc_edu	|	webpage:http://www_cs_wisc_edu/~bsri/bsri_html
503	webpage:http://www_cs_wisc_edu/~turnidge/turnidge_html	|	webpage:http://www_cs_wisc_edu/~turnidge/turnidge_html
509	webpage:http://www_cs_wisc_edu/~weiz/weiz_html	|	webpage:http://www_cs_wisc_edu/~cs367-2/cs367_html
51	webpage:http://www_cs_wisc_edu	|	webpage:http://www_cs_wisc_edu/~hog/hog_html
33	webpage:http://www_cs_wisc_edu	|	webpage:http://www_cs_wisc_edu/~cs520-1/cs520_html
192	webpage:http://www_cs_wisc_edu/~burnett/cs302_html	|	webpage:http://www_cs_wisc_edu/~burnett/burnett_html
41	webpage:http://www_cs_wisc_edu	|	webpage:http://www_cs_wisc_edu/~ericro/ericro_html
444	webpage:http://www_cs_wisc_edu/~ratliff/132_html	|	webpage:http://www_cs_wisc_edu/~ratliff/ratliff_html
417	webpage:http://www_cs_wisc_edu/~paradyn	|	webpage:http://www_cs_wisc_edu/~newhall/newhall_html
472	webpage:http://www_cs_wisc_edu/~shavlik/uwml_html	|	webpage:http://www_cs_wisc_edu/~shavlik/shavlik_html
150	webpage:http://www_cs_wisc_edu/shore	|	webpage:http://www_cs_wisc_edu/~praveen/projects/seq_html
113	webpage:http://www_cs_wisc_edu	|	webpage:http://www_cs_wisc_edu/~turnidge/turnidge_html
387	webpage:http://www_cs_wisc_edu/~morgan/morgan_html	|	webpage:http://www_cs_wisc_edu/~dyer/dyer_html
356	webpage:http://www_cs_wisc_edu/~larus/larus_html	|	webpage:http://www_cs_wisc_edu/~larus/larus_html
371	webpage:http://www_cs_wisc_edu/~markhill/cs752/fall94-95/cs752_html	|	webpage:http://www_cs_wisc_edu/~markhill/cs752_html
309	webpage:http://www_cs_wisc_edu/~ferris/cs733_html	|	webpage:http://www_cs_wisc_edu/~ferris/ferris_html
24	webpage:http://www_cs_wisc_edu	|	webpage:http://www_cs_wisc_edu/~breach/breach_html
205	webpage:http://www_cs_wisc_edu/~cs132-1/cs132_html	|	webpage:http://www_cs_wisc_edu/~bockrath/bockrath_html
166	webpage:http://www_cs_wisc_edu/~arch/uwarch/courses/cs752_html	|	webpage:http://www_cs_wisc_edu/~david/david_html
408	webpage:http://www_cs_wisc_edu/~naughton/naughton_html	|	webpage:http://www_cs_wisc_edu/~samit/samit_html
498	webpage:http://www_cs_wisc_edu/~toonen/toonen_html	|	webpage:http://www_cs_wisc_edu/~david/david_html
304	webpage:http://www_cs_wisc_edu/~falsafi/falsafi_html	|	webpage:http://www_cs_wisc_edu/~breach/breach_html
293	webpage:http://www_cs_wisc_edu/~dyer/dyer_html	|	webpage:http://www_cs_wisc_edu/~bestor/bestor_html
422	webpage:http://www_cs_wisc_edu/~paulb/paulb_html	|	webpage:http://www_cs_wisc_edu/~olvi/uwmp/cancer_html
17	webpage:http://www_cs_wisc_edu	|	webpage:http://www_cs_wisc_edu/~ben/ben_html
12	webpage:http://www_cs_wisc_edu	|	webpage:http://www_cs_wisc_edu/~amos/amos_html
325	webpage:http://www_cs_wisc_edu/~hcl/cs302_html	|	webpage:http://www_cs_wisc_edu/~hcl/hcl_html
268	webpage:http://www_cs_wisc_edu/~cs838-2/cs838_html	|	webpage:http://www_cs_wisc_edu/~hcl/hcl_html
226	webpage:http://www_cs_wisc_edu/~cs302/cs302_html	|	webpage:http://www_cs_wisc_edu/~dzimm/cs302_html
467	webpage:http://www_cs_wisc_edu/~shavlik/cs760_html	|	webpage:http://www_cs_wisc_edu/~greg/greg_html
494	webpage:http://www_cs_wisc_edu/~swanderb/swanderb_html	|	webpage:http://www_cs_wisc_edu/~sally/cs132_html
476	webpage:http://www_cs_wisc_edu/~sohi/sohi_html	|	webpage:http://www_cs_wisc_edu/~breach/breach_html
399	webpage:http://www_cs_wisc_edu/~mscalar	|	webpage:http://www_cs_wisc_edu/~vijay/vijay_html
337	webpage:http://www_cs_wisc_edu/~joev/joev_html	|	webpage:http://www_cs_wisc_edu/~cs132-3/cs132_html
233	webpage:http://www_cs_wisc_edu/~cs302/cs302_html	|	webpage:http://www_cs_wisc_edu/~melski/cs302_html
90	webpage:http://www_cs_wisc_edu	|	webpage:http://www_cs_wisc_edu/~samit/samit_html
93	webpage:http://www_cs_wisc_edu	|	webpage:http://www_cs_wisc_edu/~scal/scal_html
248	webpage:http://www_cs_wisc_edu/~cs564-1/cs564_html	|	webpage:http://www_cs_wisc_edu/~hcl/hcl_html
463	webpage:http://www_cs_wisc_edu/~seitz/seitz_html	|	webpage:http://www_cs_wisc_edu/~seitz/interp/interp_html
359	webpage:http://www_cs_wisc_edu/~larus/larus_html	|	webpage:http://www_cs_wisc_edu/~stever/stever_html
199	webpage:http://www_cs_wisc_edu/~cchin/cchin_html	|	webpage:http://www_cs_wisc_edu/~cs367-3/cs367_html
484	webpage:http://www_cs_wisc_edu/~stever/stever_html	|	webpage:http://www_cs_wisc_edu/~falsafi/falsafi_html
338	webpage:http://www_cs_wisc_edu/~joev/joev_html	|	webpage:http://www_cs_wisc_edu/~cs132-4/cs132_html
439	webpage:http://www_cs_wisc_edu/~raghu/raghu_html	|	webpage:http://www_cs_wisc_edu/~praveen/projects/seq_html
326	webpage:http://www_cs_wisc_edu/~hcl/hcl_html	|	webpage:http://www_cs_wisc_edu/~hcl/cs302_html
67	webpage:http://www_cs_wisc_edu	|	webpage:http://www_cs_wisc_edu/~minos/minos_html
110	webpage:http://www_cs_wisc_edu	|	webpage:http://www_cs_wisc_edu/~strik/strik_html
468	webpage:http://www_cs_wisc_edu/~shavlik/cs760_html	|	webpage:http://www_cs_wisc_edu/~shavlik/shavlik_html
135	webpage:http://www_cs_wisc_edu/exodus	|	webpage:http://www_cs_wisc_edu/coral
59	webpage:http://www_cs_wisc_edu	|	webpage:http://www_cs_wisc_edu/~jshabel/jshabel_html
40	webpage:http://www_cs_wisc_edu	|	webpage:http://www_cs_wisc_edu/~ejhazen/ejhazen_html
440	webpage:http://www_cs_wisc_edu/~raghu/raghu_html	|	webpage:http://www_cs_wisc_edu/~wenger/wenger_html
188	webpage:http://www_cs_wisc_edu/~brad/brad_html	|	webpage:http://www_cs_wisc_edu/~cs132-4/cs132_html
102	webpage:http://www_cs_wisc_edu	|	webpage:http://www_cs_wisc_edu/~so/so_html
333	webpage:http://www_cs_wisc_edu/~iss/userid_html	|	webpage:http://www_cs_wisc_edu/~sally/cs132_html
119	webpage:http://www_cs_wisc_edu	|	webpage:http://www_cs_wisc_edu/~weaver/weaver_html
392	webpage:http://www_cs_wisc_edu/~mscalar	|	webpage:http://www_cs_wisc_edu/~amir/amir_html
370	webpage:http://www_cs_wisc_edu/~markhill/cs752_html	|	webpage:http://www_cs_wisc_edu/~harit/harit_html
386	webpage:http://www_cs_wisc_edu/~milo/cs302_html	|	webpage:http://www_cs_wisc_edu/~milo/milo_html
126	webpage:http://www_cs_wisc_edu	|	webpage:http://www_engr_wisc_edu/me/faculty/shapiro_vadim_html
114	webpage:http://www_cs_wisc_edu	|	webpage:http://www_cs_wisc_edu/~twang/twang_html
510	webpage:http://www_cs_wisc_edu/~wenger/wenger_html	|	webpage:http://www_cs_wisc_edu/~devise
45	webpage:http://www_cs_wisc_edu	|	webpage:http://www_cs_wisc_edu/~guangshu/guangshu_html
282	webpage:http://www_cs_wisc_edu/~devise	|	webpage:http://www_cs_wisc_edu/~flisakow/flisakow_html
270	webpage:http://www_cs_wisc_edu/~david/david_html	|	webpage:http://www_cs_wisc_edu/~markhill/markhill_html
420	webpage:http://www_cs_wisc_edu/~paradyn	|	webpage:http://www_cs_wisc_edu/~zhichen/zhichen_html
243	webpage:http://www_cs_wisc_edu/~cs367-3/cs367_html	|	webpage:http://www_cs_wisc_edu/~cs367-3/cs367_html
131	webpage:http://www_cs_wisc_edu/coral	|	webpage:http://www_cs_wisc_edu/~beyer/beyer_html
523	webpage:http://www_cs_wisc_edu/~yannis/yannis_html	|	webpage:http://www_cs_wisc_edu/~wenger/wenger_html
191	webpage:http://www_cs_wisc_edu/~breach/breach_html	|	webpage:http://www_cs_wisc_edu/~sohi/sohi_html
81	webpage:http://www_cs_wisc_edu	|	webpage:http://www_cs_wisc_edu/~praveen/projects/seq_html
409	webpage:http://www_cs_wisc_edu/~naughton/naughton_html	|	webpage:http://www_cs_wisc_edu/~solomon/solomon_html
149	webpage:http://www_cs_wisc_edu/shore	|	webpage:http://www_cs_wisc_edu/~nhall/nhall_html
247	webpage:http://www_cs_wisc_edu/~cs564-1/cs564_html	|	webpage:http://www_cs_wisc_edu/~harit/harit_html
264	webpage:http://www_cs_wisc_edu/~cs838-1/cs838_html	|	webpage:http://www_cs_wisc_edu/~amir/amir_html
2	webpage:http://robios8_me_wisc_edu/~lumelsky/lumelsky_html	|	webpage:http://robios8_me_wisc_edu
310	webpage:http://www_cs_wisc_edu/~ferris/ferris_html	|	webpage:http://www_cs_wisc_edu/~ferris/cs719_html
517	webpage:http://www_cs_wisc_edu/~wwt	|	webpage:http://www_cs_wisc_edu/~shubu/shubu_html
319	webpage:http://www_cs_wisc_edu/~geery/geery_html	|	webpage:http://www_cs_wisc_edu/~cs132-2/cs132_html
